{"$schema":"http://schema.management.azure.com/schemas/2015-01-01/deploymentTemplate.json#","contentVersion":"1.0.0.0","parameters":{"factoryName":{"type":"string","metadata":"Data Factory name"},"inputsql":{"type":"string"},"AzureDatabricks1":{"type":"string"},"input1":{"type":"string"}},"variables":{"factoryId":"[concat('Microsoft.DataFactory/factories/', parameters('factoryName'))]"},"resources":[{"name":"[concat(parameters('factoryName'), '/star_schema')]","type":"Microsoft.DataFactory/factories/pipelines","apiVersion":"2018-06-01","properties":{"activities":[{"name":"import_dim_table","type":"ExecuteDataFlow","dependsOn":[{"activity":"Re-create table SQL","dependencyConditions":["Succeeded"]}],"policy":{"timeout":"0.12:00:00","retry":0,"retryIntervalInSeconds":30,"secureOutput":false,"secureInput":false},"userProperties":[],"typeProperties":{"dataflow":{"referenceName":"import_dim_table","type":"DataFlowReference","parameters":{},"datasetParameters":{"raw":{},"sinktime":{},"sinkloan":{},"sinkborrower":{}}},"staging":{},"compute":{"coreCount":16,"computeType":"General"},"traceLevel":"Fine","runConcurrently":true}},{"name":"import_fact_table","type":"ExecuteDataFlow","dependsOn":[{"activity":"import_dim_table","dependencyConditions":["Succeeded"]}],"policy":{"timeout":"0.12:00:00","retry":0,"retryIntervalInSeconds":30,"secureOutput":false,"secureInput":false},"userProperties":[],"typeProperties":{"dataflow":{"referenceName":"import_fact_table","type":"DataFlowReference","parameters":{},"datasetParameters":{"raw":{},"inputdimborrower":{},"inputdimloan":{},"inputdimtime":{},"sinkfact":{}}},"staging":{},"compute":{"coreCount":16,"computeType":"General"},"traceLevel":"Fine"}},{"name":"Re-create table SQL","type":"Script","dependsOn":[{"activity":"Tranform data","dependencyConditions":["Succeeded"]}],"policy":{"timeout":"0.12:00:00","retry":0,"retryIntervalInSeconds":30,"secureOutput":false,"secureInput":false},"userProperties":[],"linkedServiceName":{"referenceName":"[parameters('inputsql')]","type":"LinkedServiceReference"},"typeProperties":{"scripts":[{"type":"Query","text":"DROP TABLE IF EXISTS Fact_Loan_Details;\nDROP TABLE IF EXISTS Dim_Time;\nDROP TABLE IF EXISTS Dim_Loan;\nDROP TABLE IF EXISTS Dim_Borrower;\n-- Dim Time table\nCREATE TABLE Dim_Time (\n    time_id INT IDENTITY(1,1) PRIMARY KEY,\n    issue_date DATE,\n    month INT,\n    quarter INT,\n    year INT\n);\n\n-- Dim Borrower table\nCREATE TABLE Dim_Borrower (\n    borrower_id INT IDENTITY(1,1) PRIMARY KEY,\n    zip_code VARCHAR(255),\n    addr_state VARCHAR(255),\n    emp_title VARCHAR(255),\n    emp_length VARCHAR(255),\n    home_ownership VARCHAR(255),\n    verification_status VARCHAR(255),\n    annual_inc_bin VARCHAR(255),\n    annual_inc FLOAT,\n    delinq_2yrs FLOAT,\n    fico_range_low FLOAT,\n    fico_range_high FLOAT,\n    open_acc FLOAT,\n    total_acc FLOAT,\n    revol_bal FLOAT,\n    revol_util FLOAT,\n    fico_score_bin VARCHAR(255),\n    total_bal_ex_mort FLOAT,\n    tot_cur_bal FLOAT,\n    percent_bc_gt_75 FLOAT,\n    num_tl_op_past_12m FLOAT,\n    total_rev_hi_lim FLOAT,\n    inq_last_6mths FLOAT\n);\n\n-- Dim Loan table\nCREATE TABLE Dim_Loan (\n    loan_id INT IDENTITY(1,1) PRIMARY KEY,\n    application_type VARCHAR(255),\n    purpose VARCHAR(255),\n    loan_amnt FLOAT,\n    term VARCHAR(255),\n    int_rate FLOAT,\n    installment FLOAT,\n    grade VARCHAR(255),\n    sub_grade VARCHAR(255),\n    dti FLOAT,\n    int_rate_bin VARCHAR(255),\n    dti_bin VARCHAR(255)\n);\n\n-- Fact Loan Details table\nCREATE TABLE Fact_Loan_Details (\n    time_id INT,\n    borrower_id INT,\n    loan_id INT,\n    funded_amnt FLOAT,\n    total_pymnt FLOAT,\n    total_rec_prncp FLOAT,\n    total_rec_int FLOAT,\n    loan_status VARCHAR(255),\n    ROI FLOAT,\n    IRR FLOAT,\n    PRIMARY KEY (time_id, borrower_id, loan_id),\n    FOREIGN KEY (time_id) REFERENCES Dim_Time(time_id),\n    FOREIGN KEY (borrower_id) REFERENCES Dim_Borrower(borrower_id),\n    FOREIGN KEY (loan_id) REFERENCES Dim_Loan(loan_id)\n);\n\n"}],"scriptBlockExecutionTimeout":"02:00:00"}},{"name":"Tranform data","type":"DatabricksNotebook","dependsOn":[],"policy":{"timeout":"0.12:00:00","retry":0,"retryIntervalInSeconds":30,"secureOutput":false,"secureInput":false},"userProperties":[],"typeProperties":{"notebookPath":"/Shared/data_pre_processing"},"linkedServiceName":{"referenceName":"[parameters('AzureDatabricks1')]","type":"LinkedServiceReference"}}],"policy":{"elapsedTimeMetric":{}},"annotations":[],"lastPublishTime":"2024-05-08T08:55:28Z"},"dependsOn":["[concat(variables('factoryId'), '/dataflows/import_dim_table')]","[concat(variables('factoryId'), '/dataflows/import_fact_table')]"]},{"name":"[concat(parameters('factoryName'), '/import_dim_table')]","type":"Microsoft.DataFactory/factories/dataflows","apiVersion":"2018-06-01","properties":{"type":"MappingDataFlow","typeProperties":{"sources":[{"dataset":{"referenceName":"inputraw","type":"DatasetReference"},"name":"raw"}],"sinks":[{"dataset":{"referenceName":"dimtime","type":"DatasetReference"},"name":"sinktime"},{"dataset":{"referenceName":"dimloan","type":"DatasetReference"},"name":"sinkloan"},{"dataset":{"referenceName":"dimborrower","type":"DatasetReference"},"name":"sinkborrower"}],"transformations":[{"name":"transformissuedate"},{"name":"numberduplicatecolumn3"},{"name":"filterduplicate3"},{"name":"numberduplicatecolumn2"},{"name":"filterduplicate2"},{"name":"numberduplicatecolumn1"},{"name":"filterduplicate1"}],"scriptLines":["source(output(","          {_c0} as integer,","          id as integer,","          loan_amnt as float,","          funded_amnt as float,","          funded_amnt_inv as float,","          term as string,","          int_rate as float,","          installment as float,","          grade as string,","          sub_grade as string,","          emp_title as string,","          emp_length as string,","          home_ownership as string,","          annual_inc as float,","          verification_status as string,","          issue_d as date,","          loan_status as string,","          purpose as string,","          title as string,","          zip_code as string,","          addr_state as string,","          dti as float,","          delinq_2yrs as float,","          fico_range_low as float,","          fico_range_high as float,","          inq_last_6mths as float,","          open_acc as float,","          pub_rec as float,","          revol_bal as float,","          revol_util as float,","          total_acc as float,","          initial_list_status as string,","          out_prncp as float,","          out_prncp_inv as float,","          total_pymnt as float,","          total_pymnt_inv as float,","          total_rec_prncp as float,","          total_rec_int as float,","          total_rec_late_fee as float,","          recoveries as float,","          collection_recovery_fee as float,","          last_pymnt_amnt as float,","          last_fico_range_high as float,","          last_fico_range_low as float,","          collections_12_mths_ex_med as float,","          application_type as string,","          acc_now_delinq as float,","          tot_coll_amt as float,","          tot_cur_bal as float,","          open_acc_6m as float,","          open_act_il as float,","          open_il_12m as float,","          open_il_24m as float,","          total_bal_il as float,","          il_util as float,","          open_rv_12m as float,","          open_rv_24m as float,","          max_bal_bc as float,","          all_util as float,","          total_rev_hi_lim as float,","          inq_fi as float,","          total_cu_tl as float,","          inq_last_12m as float,","          acc_open_past_24mths as float,","          avg_cur_bal as float,","          bc_open_to_buy as float,","          bc_util as float,","          chargeoff_within_12_mths as float,","          delinq_amnt as float,","          mort_acc as float,","          num_accts_ever_120_pd as float,","          num_actv_bc_tl as float,","          num_actv_rev_tl as float,","          num_bc_sats as float,","          num_bc_tl as float,","          num_il_tl as float,","          num_op_rev_tl as float,","          num_rev_accts as float,","          num_rev_tl_bal_gt_0 as float,","          num_sats as float,","          num_tl_120dpd_2m as float,","          num_tl_30dpd as float,","          num_tl_90g_dpd_24m as float,","          num_tl_op_past_12m as float,","          percent_tl_nvr_deliq as float,","          percent_bc_gt_75 as float,","          pub_rec_bankruptcies as float,","          tax_liens as float,","          tot_hi_cred_lim as float,","          total_bal_ex_mort as float,","          total_bc_limit as float,","          total_il_high_credit_limit as float,","          hardship_flag as string,","          deferral_term as float,","          debt_settlement_flag as string,","          loan_amnt_to_annual_inc as float,","          delinq_amnt_to_annual_inc as float,","          revol_bal_to_annual_inc as float,","          tot_cur_bal_to_annual_inc as float,","          max_bal_bc_to_annual_inc as float,","          avg_cur_bal_to_annual_inc as float,","          total_bal_ex_mort_to_annual_inc as float,","          open_cl_ratio as float,","          num_mths_to_pay as float,","          term_int as float,","          calculated_installment as float,","          installment_to_annual_inc as float,","          calculated_installment_to_annual_inc as float,","          avg_pymnt as float,","          ROI as float,","          IRR as float,","          int_rate_bin as string,","          annual_inc_bin as string,","          dti_bin as string,","          fico_score_bin as string","     ),","     allowSchemaDrift: true,","     validateSchema: false,","     inferDriftedColumnTypes: true,","     ignoreNoFilesFound: false,","     dateFormats: ['dd/MM/yyyy','MM/dd/yyyy','yyyy/MM/dd','MM-dd-yyyy','dd-MM-yyyy','yyyy-MM-dd','dd.MM.yyyy','MM.dd.yyyy','yyyy.MM.dd'],","     preferredIntegralType: 'integer',","     preferredFractionalType: 'float',","     wildcardPaths:['/loan/*.csv']) ~> raw","raw derive(year = year(issue_d),","          month = month(issue_d),","          quarter = toInteger((month(issue_d) - 1) / 3 + 1)) ~> transformissuedate","transformissuedate window(over(issue_date = issue_d,","          year,","          month,","          quarter),","     asc(issue_d, true),","     row_num = rowNumber()) ~> numberduplicatecolumn3","numberduplicatecolumn3 filter(row_num==1) ~> filterduplicate3","transformissuedate window(over(application_type,","          purpose,","          loan_amnt,","          term,","          int_rate,","          installment,","          grade,","          sub_grade,","          dti,","          int_rate_bin,","          dti_bin),","     asc(loan_amnt, true),","     row_num = rowNumber()) ~> numberduplicatecolumn2","numberduplicatecolumn2 filter(row_num==1) ~> filterduplicate2","transformissuedate window(over(zip_code,","          addr_state,","          emp_title,","          emp_length,","          home_ownership,","          verification_status,","          annual_inc_bin,","          annual_inc,","          delinq_2yrs,","          fico_range_low,","          fico_range_high,","          open_acc,","          total_acc,","          revol_bal,","          revol_util,","          fico_score_bin,","          total_bal_ex_mort,","          tot_cur_bal,","          percent_bc_gt_75,","          num_tl_op_past_12m,","          total_rev_hi_lim,","          inq_last_6mths),","     asc(emp_title, true),","     row_num = rowNumber()) ~> numberduplicatecolumn1","numberduplicatecolumn1 filter(row_num==1) ~> filterduplicate1","filterduplicate3 sink(allowSchemaDrift: true,","     validateSchema: false,","     input(","          time_id as integer,","          issue_date as date,","          month as integer,","          quarter as integer,","          year as integer","     ),","     deletable:false,","     insertable:true,","     updateable:false,","     upsertable:false,","     format: 'table',","     skipDuplicateMapInputs: true,","     skipDuplicateMapOutputs: true,","     errorHandlingOption: 'allErrors',","     transactionCommit: 'single',","     reportSuccessOnError: true,","     mapColumn(","          issue_date = issue_d,","          year,","          quarter,","          month","     )) ~> sinktime","filterduplicate2 sink(allowSchemaDrift: true,","     validateSchema: false,","     input(","          loan_id as integer,","          application_type as string,","          purpose as string,","          loan_amnt as double,","          term as string,","          int_rate as double,","          installment as double,","          grade as string,","          sub_grade as string,","          dti as double,","          int_rate_bin as string,","          dti_bin as string","     ),","     deletable:false,","     insertable:true,","     updateable:false,","     upsertable:false,","     format: 'table',","     skipDuplicateMapInputs: true,","     skipDuplicateMapOutputs: true,","     errorHandlingOption: 'allErrors',","     transactionCommit: 'single',","     reportSuccessOnError: true,","     mapColumn(","          application_type,","          purpose,","          loan_amnt,","          term,","          int_rate,","          installment,","          grade,","          sub_grade,","          dti,","          int_rate_bin,","          dti_bin","     )) ~> sinkloan","filterduplicate1 sink(allowSchemaDrift: true,","     validateSchema: false,","     input(","          borrower_id as integer,","          zip_code as string,","          addr_state as string,","          emp_title as string,","          emp_length as string,","          home_ownership as string,","          verification_status as string,","          annual_inc_bin as string,","          annual_inc as double,","          delinq_2yrs as double,","          fico_range_low as double,","          fico_range_high as double,","          open_acc as double,","          total_acc as double,","          revol_bal as double,","          revol_util as double,","          fico_score_bin as string,","          total_bal_ex_mort as double,","          tot_cur_bal as double,","          percent_bc_gt_75 as double,","          num_tl_op_past_12m as double,","          total_rev_hi_lim as double,","          inq_last_6mths as double","     ),","     deletable:false,","     insertable:true,","     updateable:false,","     upsertable:false,","     format: 'table',","     skipDuplicateMapInputs: true,","     skipDuplicateMapOutputs: true,","     errorHandlingOption: 'allErrors',","     transactionCommit: 'single',","     reportSuccessOnError: true,","     mapColumn(","          zip_code,","          addr_state,","          emp_title,","          emp_length,","          home_ownership,","          verification_status,","          annual_inc_bin,","          annual_inc,","          delinq_2yrs,","          fico_range_low,","          fico_range_high,","          open_acc,","          total_acc,","          revol_bal,","          revol_util,","          fico_score_bin,","          total_bal_ex_mort,","          tot_cur_bal,","          percent_bc_gt_75,","          num_tl_op_past_12m,","          total_rev_hi_lim,","          inq_last_6mths","     )) ~> sinkborrower"]}},"dependsOn":["[concat(variables('factoryId'), '/datasets/inputraw')]","[concat(variables('factoryId'), '/datasets/dimtime')]","[concat(variables('factoryId'), '/datasets/dimloan')]","[concat(variables('factoryId'), '/datasets/dimborrower')]"]},{"name":"[concat(parameters('factoryName'), '/import_fact_table')]","type":"Microsoft.DataFactory/factories/dataflows","apiVersion":"2018-06-01","properties":{"type":"MappingDataFlow","typeProperties":{"sources":[{"dataset":{"referenceName":"inputraw","type":"DatasetReference"},"name":"raw"},{"dataset":{"referenceName":"dimborrower","type":"DatasetReference"},"name":"inputdimborrower"},{"dataset":{"referenceName":"dimloan","type":"DatasetReference"},"name":"inputdimloan"},{"dataset":{"referenceName":"dimtime","type":"DatasetReference"},"name":"inputdimtime"}],"sinks":[{"dataset":{"referenceName":"factloan","type":"DatasetReference"},"name":"sinkfact"}],"transformations":[{"name":"joinborrower"},{"name":"joinloan"},{"name":"jointime"}],"scriptLines":["source(output(","          {_c0} as integer,","          id as integer,","          loan_amnt as float,","          funded_amnt as float,","          funded_amnt_inv as float,","          term as string,","          int_rate as float,","          installment as float,","          grade as string,","          sub_grade as string,","          emp_title as string,","          emp_length as string,","          home_ownership as string,","          annual_inc as float,","          verification_status as string,","          issue_d as date,","          loan_status as string,","          purpose as string,","          title as string,","          zip_code as string,","          addr_state as string,","          dti as float,","          delinq_2yrs as float,","          fico_range_low as float,","          fico_range_high as float,","          inq_last_6mths as float,","          open_acc as float,","          pub_rec as float,","          revol_bal as float,","          revol_util as float,","          total_acc as float,","          initial_list_status as string,","          out_prncp as float,","          out_prncp_inv as float,","          total_pymnt as float,","          total_pymnt_inv as float,","          total_rec_prncp as float,","          total_rec_int as float,","          total_rec_late_fee as float,","          recoveries as float,","          collection_recovery_fee as float,","          last_pymnt_amnt as float,","          last_fico_range_high as float,","          last_fico_range_low as float,","          collections_12_mths_ex_med as float,","          application_type as string,","          acc_now_delinq as float,","          tot_coll_amt as float,","          tot_cur_bal as float,","          open_acc_6m as float,","          open_act_il as float,","          open_il_12m as float,","          open_il_24m as float,","          total_bal_il as float,","          il_util as float,","          open_rv_12m as float,","          open_rv_24m as float,","          max_bal_bc as float,","          all_util as float,","          total_rev_hi_lim as float,","          inq_fi as float,","          total_cu_tl as float,","          inq_last_12m as float,","          acc_open_past_24mths as float,","          avg_cur_bal as float,","          bc_open_to_buy as float,","          bc_util as float,","          chargeoff_within_12_mths as float,","          delinq_amnt as float,","          mort_acc as float,","          num_accts_ever_120_pd as float,","          num_actv_bc_tl as float,","          num_actv_rev_tl as float,","          num_bc_sats as float,","          num_bc_tl as float,","          num_il_tl as float,","          num_op_rev_tl as float,","          num_rev_accts as float,","          num_rev_tl_bal_gt_0 as float,","          num_sats as float,","          num_tl_120dpd_2m as float,","          num_tl_30dpd as float,","          num_tl_90g_dpd_24m as float,","          num_tl_op_past_12m as float,","          percent_tl_nvr_deliq as float,","          percent_bc_gt_75 as float,","          pub_rec_bankruptcies as float,","          tax_liens as float,","          tot_hi_cred_lim as float,","          total_bal_ex_mort as float,","          total_bc_limit as float,","          total_il_high_credit_limit as float,","          hardship_flag as string,","          deferral_term as float,","          debt_settlement_flag as string,","          loan_amnt_to_annual_inc as float,","          delinq_amnt_to_annual_inc as float,","          revol_bal_to_annual_inc as float,","          tot_cur_bal_to_annual_inc as float,","          max_bal_bc_to_annual_inc as float,","          avg_cur_bal_to_annual_inc as float,","          total_bal_ex_mort_to_annual_inc as float,","          open_cl_ratio as float,","          num_mths_to_pay as float,","          term_int as float,","          calculated_installment as float,","          installment_to_annual_inc as float,","          calculated_installment_to_annual_inc as float,","          avg_pymnt as float,","          ROI as float,","          IRR as float,","          int_rate_bin as string,","          annual_inc_bin as string,","          dti_bin as string,","          fico_score_bin as string","     ),","     allowSchemaDrift: true,","     validateSchema: false,","     inferDriftedColumnTypes: true,","     ignoreNoFilesFound: false,","     dateFormats: ['MM/dd/yyyy','dd/MM/yyyy','yyyy/MM/dd','MM-dd-yyyy','dd-MM-yyyy','yyyy-MM-dd','dd.MM.yyyy','MM.dd.yyyy','yyyy.MM.dd'],","     preferredIntegralType: 'integer',","     preferredFractionalType: 'double',","     wildcardPaths:['/loan/*.csv']) ~> raw","source(output(","          borrower_id as integer,","          zip_code as string,","          addr_state as string,","          emp_title as string,","          emp_length as string,","          home_ownership as string,","          verification_status as string,","          annual_inc_bin as string,","          annual_inc as double,","          delinq_2yrs as double,","          fico_range_low as double,","          fico_range_high as double,","          open_acc as double,","          total_acc as double,","          revol_bal as double,","          revol_util as double,","          fico_score_bin as string,","          total_bal_ex_mort as double,","          tot_cur_bal as double,","          percent_bc_gt_75 as double,","          num_tl_op_past_12m as double,","          total_rev_hi_lim as double,","          inq_last_6mths as double","     ),","     allowSchemaDrift: true,","     validateSchema: false,","     isolationLevel: 'READ_UNCOMMITTED',","     format: 'table') ~> inputdimborrower","source(output(","          loan_id as integer,","          application_type as string,","          purpose as string,","          loan_amnt as double,","          term as string,","          int_rate as double,","          installment as double,","          grade as string,","          sub_grade as string,","          dti as double,","          int_rate_bin as string,","          dti_bin as string","     ),","     allowSchemaDrift: true,","     validateSchema: false,","     isolationLevel: 'READ_UNCOMMITTED',","     format: 'table') ~> inputdimloan","source(output(","          time_id as integer,","          issue_date as date,","          month as integer,","          quarter as integer,","          year as integer","     ),","     allowSchemaDrift: true,","     validateSchema: false,","     isolationLevel: 'READ_UNCOMMITTED',","     format: 'table') ~> inputdimtime","raw, inputdimborrower join(raw@zip_code == inputdimborrower@zip_code","     && raw@addr_state == inputdimborrower@addr_state","     && raw@emp_title == inputdimborrower@emp_title","     && raw@emp_length == inputdimborrower@emp_length","     && raw@home_ownership == inputdimborrower@home_ownership","     && raw@verification_status == inputdimborrower@verification_status","     && raw@annual_inc_bin == inputdimborrower@annual_inc_bin","     && raw@annual_inc == inputdimborrower@annual_inc","     && raw@delinq_2yrs == inputdimborrower@delinq_2yrs","     && raw@fico_range_low == inputdimborrower@fico_range_low","     && raw@fico_range_high == inputdimborrower@fico_range_high","     && raw@open_acc == inputdimborrower@open_acc","     && raw@total_acc == inputdimborrower@total_acc","     && raw@revol_bal == inputdimborrower@revol_bal","     && raw@revol_util == inputdimborrower@revol_util","     && raw@fico_score_bin == inputdimborrower@fico_score_bin","     && raw@total_bal_ex_mort == inputdimborrower@total_bal_ex_mort","     && raw@tot_cur_bal == inputdimborrower@tot_cur_bal","     && raw@percent_bc_gt_75 == inputdimborrower@percent_bc_gt_75","     && raw@num_tl_op_past_12m == inputdimborrower@num_tl_op_past_12m","     && raw@total_rev_hi_lim == inputdimborrower@total_rev_hi_lim","     && raw@inq_last_6mths == inputdimborrower@inq_last_6mths,","     joinType:'inner',","     matchType:'exact',","     ignoreSpaces: false,","     broadcast: 'auto')~> joinborrower","joinborrower, inputdimloan join(raw@application_type == inputdimloan@application_type","     && raw@purpose == inputdimloan@purpose","     && raw@loan_amnt == inputdimloan@loan_amnt","     && raw@term == inputdimloan@term","     && raw@int_rate == inputdimloan@int_rate","     && raw@grade == inputdimloan@grade","     && raw@sub_grade == inputdimloan@sub_grade","     && raw@dti == inputdimloan@dti","     && raw@installment == inputdimloan@installment","     && raw@int_rate_bin == inputdimloan@int_rate_bin","     && raw@dti_bin == inputdimloan@dti_bin,","     joinType:'inner',","     matchType:'exact',","     ignoreSpaces: false,","     broadcast: 'auto')~> joinloan","joinloan, inputdimtime join(issue_d == issue_date,","     joinType:'inner',","     matchType:'exact',","     ignoreSpaces: false,","     broadcast: 'auto')~> jointime","jointime sink(allowSchemaDrift: true,","     validateSchema: false,","     input(","          time_id as integer,","          borrower_id as integer,","          loan_id as integer,","          funded_amnt as double,","          total_pymnt as double,","          total_rec_prncp as double,","          total_rec_int as double,","          loan_status as string,","          ROI as double,","          IRR as double","     ),","     deletable:false,","     insertable:true,","     updateable:false,","     upsertable:false,","     format: 'table',","     skipDuplicateMapInputs: true,","     skipDuplicateMapOutputs: true,","     errorHandlingOption: 'allErrors',","     transactionCommit: 'single',","     reportSuccessOnError: true,","     mapColumn(","          time_id,","          borrower_id,","          loan_id,","          funded_amnt,","          total_pymnt,","          total_rec_prncp,","          total_rec_int,","          loan_status,","          ROI,","          IRR","     )) ~> sinkfact"]}},"dependsOn":["[concat(variables('factoryId'), '/datasets/inputraw')]","[concat(variables('factoryId'), '/datasets/dimborrower')]","[concat(variables('factoryId'), '/datasets/dimloan')]","[concat(variables('factoryId'), '/datasets/dimtime')]","[concat(variables('factoryId'), '/datasets/factloan')]"]},{"name":"[concat(parameters('factoryName'), '/inputraw')]","type":"Microsoft.DataFactory/factories/datasets","apiVersion":"2018-06-01","properties":{"linkedServiceName":{"referenceName":"[parameters('input1')]","type":"LinkedServiceReference"},"annotations":[],"type":"DelimitedText","typeProperties":{"location":{"type":"AzureBlobStorageLocation","folderPath":"loan","container":"inputcleaned"},"columnDelimiter":",","rowDelimiter":"\n","escapeChar":"\\","firstRowAsHeader":true,"quoteChar":"\""},"schema":[{"name":"_c0","type":"String"},{"name":"id","type":"String"},{"name":"loan_amnt","type":"String"},{"name":"funded_amnt","type":"String"},{"name":"funded_amnt_inv","type":"String"},{"name":"term","type":"String"},{"name":"int_rate","type":"String"},{"name":"installment","type":"String"},{"name":"grade","type":"String"},{"name":"sub_grade","type":"String"},{"name":"emp_title","type":"String"},{"name":"emp_length","type":"String"},{"name":"home_ownership","type":"String"},{"name":"annual_inc","type":"String"},{"name":"verification_status","type":"String"},{"name":"issue_d","type":"String"},{"name":"loan_status","type":"String"},{"name":"purpose","type":"String"},{"name":"title","type":"String"},{"name":"zip_code","type":"String"},{"name":"addr_state","type":"String"},{"name":"dti","type":"String"},{"name":"delinq_2yrs","type":"String"},{"name":"fico_range_low","type":"String"},{"name":"fico_range_high","type":"String"},{"name":"inq_last_6mths","type":"String"},{"name":"open_acc","type":"String"},{"name":"pub_rec","type":"String"},{"name":"revol_bal","type":"String"},{"name":"revol_util","type":"String"},{"name":"total_acc","type":"String"},{"name":"initial_list_status","type":"String"},{"name":"out_prncp","type":"String"},{"name":"out_prncp_inv","type":"String"},{"name":"total_pymnt","type":"String"},{"name":"total_pymnt_inv","type":"String"},{"name":"total_rec_prncp","type":"String"},{"name":"total_rec_int","type":"String"},{"name":"total_rec_late_fee","type":"String"},{"name":"recoveries","type":"String"},{"name":"collection_recovery_fee","type":"String"},{"name":"last_pymnt_amnt","type":"String"},{"name":"last_fico_range_high","type":"String"},{"name":"last_fico_range_low","type":"String"},{"name":"collections_12_mths_ex_med","type":"String"},{"name":"application_type","type":"String"},{"name":"acc_now_delinq","type":"String"},{"name":"tot_coll_amt","type":"String"},{"name":"tot_cur_bal","type":"String"},{"name":"open_acc_6m","type":"String"},{"name":"open_act_il","type":"String"},{"name":"open_il_12m","type":"String"},{"name":"open_il_24m","type":"String"},{"name":"total_bal_il","type":"String"},{"name":"il_util","type":"String"},{"name":"open_rv_12m","type":"String"},{"name":"open_rv_24m","type":"String"},{"name":"max_bal_bc","type":"String"},{"name":"all_util","type":"String"},{"name":"total_rev_hi_lim","type":"String"},{"name":"inq_fi","type":"String"},{"name":"total_cu_tl","type":"String"},{"name":"inq_last_12m","type":"String"},{"name":"acc_open_past_24mths","type":"String"},{"name":"avg_cur_bal","type":"String"},{"name":"bc_open_to_buy","type":"String"},{"name":"bc_util","type":"String"},{"name":"chargeoff_within_12_mths","type":"String"},{"name":"delinq_amnt","type":"String"},{"name":"mort_acc","type":"String"},{"name":"num_accts_ever_120_pd","type":"String"},{"name":"num_actv_bc_tl","type":"String"},{"name":"num_actv_rev_tl","type":"String"},{"name":"num_bc_sats","type":"String"},{"name":"num_bc_tl","type":"String"},{"name":"num_il_tl","type":"String"},{"name":"num_op_rev_tl","type":"String"},{"name":"num_rev_accts","type":"String"},{"name":"num_rev_tl_bal_gt_0","type":"String"},{"name":"num_sats","type":"String"},{"name":"num_tl_120dpd_2m","type":"String"},{"name":"num_tl_30dpd","type":"String"},{"name":"num_tl_90g_dpd_24m","type":"String"},{"name":"num_tl_op_past_12m","type":"String"},{"name":"percent_tl_nvr_deliq","type":"String"},{"name":"percent_bc_gt_75","type":"String"},{"name":"pub_rec_bankruptcies","type":"String"},{"name":"tax_liens","type":"String"},{"name":"tot_hi_cred_lim","type":"String"},{"name":"total_bal_ex_mort","type":"String"},{"name":"total_bc_limit","type":"String"},{"name":"total_il_high_credit_limit","type":"String"},{"name":"hardship_flag","type":"String"},{"name":"deferral_term","type":"String"},{"name":"debt_settlement_flag","type":"String"},{"name":"loan_amnt_to_annual_inc","type":"String"},{"name":"delinq_amnt_to_annual_inc","type":"String"},{"name":"revol_bal_to_annual_inc","type":"String"},{"name":"tot_cur_bal_to_annual_inc","type":"String"},{"name":"max_bal_bc_to_annual_inc","type":"String"},{"name":"avg_cur_bal_to_annual_inc","type":"String"},{"name":"total_bal_ex_mort_to_annual_inc","type":"String"},{"name":"open_cl_ratio","type":"String"},{"name":"num_mths_to_pay","type":"String"},{"name":"term_int","type":"String"},{"name":"calculated_installment","type":"String"},{"name":"installment_to_annual_inc","type":"String"},{"name":"calculated_installment_to_annual_inc","type":"String"},{"name":"avg_pymnt","type":"String"},{"name":"ROI","type":"String"},{"name":"IRR","type":"String"},{"name":"int_rate_bin","type":"String"},{"name":"annual_inc_bin","type":"String"},{"name":"dti_bin","type":"String"},{"name":"fico_score_bin\r","type":"String"}]},"dependsOn":[]},{"name":"[concat(parameters('factoryName'), '/dimtime')]","type":"Microsoft.DataFactory/factories/datasets","apiVersion":"2018-06-01","properties":{"linkedServiceName":{"referenceName":"[parameters('inputsql')]","type":"LinkedServiceReference"},"annotations":[],"type":"AzureSqlTable","schema":[{"name":"time_id","type":"int","precision":10},{"name":"issue_date","type":"date"},{"name":"month","type":"int","precision":10},{"name":"quarter","type":"int","precision":10},{"name":"year","type":"int","precision":10}],"typeProperties":{"schema":"dbo","table":"Dim_Time"}},"dependsOn":[]},{"name":"[concat(parameters('factoryName'), '/dimloan')]","type":"Microsoft.DataFactory/factories/datasets","apiVersion":"2018-06-01","properties":{"linkedServiceName":{"referenceName":"[parameters('inputsql')]","type":"LinkedServiceReference"},"annotations":[],"type":"AzureSqlTable","schema":[{"name":"loan_id","type":"int","precision":10},{"name":"application_type","type":"varchar"},{"name":"purpose","type":"varchar"},{"name":"loan_amnt","type":"float","precision":15},{"name":"term","type":"varchar"},{"name":"int_rate","type":"float","precision":15},{"name":"installment","type":"float","precision":15},{"name":"grade","type":"varchar"},{"name":"sub_grade","type":"varchar"},{"name":"dti","type":"float","precision":15},{"name":"int_rate_bin","type":"varchar"},{"name":"dti_bin","type":"varchar"}],"typeProperties":{"schema":"dbo","table":"Dim_Loan"}},"dependsOn":[]},{"name":"[concat(parameters('factoryName'), '/dimborrower')]","type":"Microsoft.DataFactory/factories/datasets","apiVersion":"2018-06-01","properties":{"linkedServiceName":{"referenceName":"[parameters('inputsql')]","type":"LinkedServiceReference"},"annotations":[],"type":"AzureSqlTable","schema":[{"name":"borrower_id","type":"int","precision":10},{"name":"zip_code","type":"varchar"},{"name":"addr_state","type":"varchar"},{"name":"emp_title","type":"varchar"},{"name":"emp_length","type":"varchar"},{"name":"home_ownership","type":"varchar"},{"name":"verification_status","type":"varchar"},{"name":"annual_inc_bin","type":"varchar"},{"name":"annual_inc","type":"float","precision":15},{"name":"delinq_2yrs","type":"float","precision":15},{"name":"fico_range_low","type":"float","precision":15},{"name":"fico_range_high","type":"float","precision":15},{"name":"open_acc","type":"float","precision":15},{"name":"total_acc","type":"float","precision":15},{"name":"revol_bal","type":"float","precision":15},{"name":"revol_util","type":"float","precision":15},{"name":"fico_score_bin","type":"varchar"},{"name":"total_bal_ex_mort","type":"float","precision":15},{"name":"tot_cur_bal","type":"float","precision":15},{"name":"percent_bc_gt_75","type":"float","precision":15},{"name":"num_tl_op_past_12m","type":"float","precision":15},{"name":"total_rev_hi_lim","type":"float","precision":15},{"name":"inq_last_6mths","type":"float","precision":15}],"typeProperties":{"schema":"dbo","table":"Dim_Borrower"}},"dependsOn":[]},{"name":"[concat(parameters('factoryName'), '/factloan')]","type":"Microsoft.DataFactory/factories/datasets","apiVersion":"2018-06-01","properties":{"linkedServiceName":{"referenceName":"[parameters('inputsql')]","type":"LinkedServiceReference"},"annotations":[],"type":"AzureSqlTable","schema":[{"name":"time_id","type":"int","precision":10},{"name":"borrower_id","type":"int","precision":10},{"name":"loan_id","type":"int","precision":10},{"name":"funded_amnt","type":"float","precision":15},{"name":"total_pymnt","type":"float","precision":15},{"name":"total_rec_prncp","type":"float","precision":15},{"name":"total_rec_int","type":"float","precision":15},{"name":"loan_status","type":"varchar"},{"name":"ROI","type":"float","precision":15},{"name":"IRR","type":"float","precision":15}],"typeProperties":{"schema":"dbo","table":"Fact_Loan_Details"}},"dependsOn":[]}]}